USE [YmsDb]
GO
INSERT [Production].[Categories] ([Id], [Created], [CreatedBy], [Updated], [UpdatedBy], [IsActive], [IsDeleted], [Name], [Description]) VALUES (N'8d832084-9f2f-4a48-ab38-4d10a54ef5bc', CAST(N'2021-01-23T10:33:56.5300000' AS DateTime2), N'00000000-0000-0000-0000-000000000001', CAST(N'2021-01-23T10:33:56.5300000' AS DateTime2), N'00000000-0000-0000-0000-000000000001', 1, 0, N'Mobilya', N'Ahsap islenmis gereçler')
GO
INSERT [Production].[Categories] ([Id], [Created], [CreatedBy], [Updated], [UpdatedBy], [IsActive], [IsDeleted], [Name], [Description]) VALUES (N'0fc837cf-8092-4805-bf58-58935e8ab7c8', CAST(N'2021-01-23T10:33:30.6366667' AS DateTime2), N'00000000-0000-0000-0000-000000000001', CAST(N'2021-01-23T10:33:30.6366667' AS DateTime2), N'00000000-0000-0000-0000-000000000001', 1, 0, N'Elektronik', N'Elektronik cihazlar')
GO
INSERT [Production].[Categories] ([Id], [Created], [CreatedBy], [Updated], [UpdatedBy], [IsActive], [IsDeleted], [Name], [Description]) VALUES (N'8badadeb-d521-4015-b4cd-6ef0d094c865', CAST(N'2021-01-23T10:34:16.3800000' AS DateTime2), N'00000000-0000-0000-0000-000000000001', CAST(N'2021-01-23T10:34:16.3800000' AS DateTime2), N'00000000-0000-0000-0000-000000000001', 1, 0, N'Giyim', N'Güncelik kullanim için tekstil ürünleri')
GO
INSERT [Production].[SubCategories] ([Id], [Created], [CreatedBy], [Updated], [UpdatedBy], [IsActive], [IsDeleted], [Name], [CategoryId], [ImageUrl]) VALUES (N'68262e8b-949e-4aed-b3db-0ab0400eb5fe', CAST(N'2021-01-23T10:40:37.6166667' AS DateTime2), N'00000000-0000-0000-0000-000000000001', CAST(N'2021-01-23T10:40:37.6166667' AS DateTime2), N'00000000-0000-0000-0000-000000000001', 1, 0, N'Gelinlik', N'8badadeb-d521-4015-b4cd-6ef0d094c865', NULL)
GO
INSERT [Production].[SubCategories] ([Id], [Created], [CreatedBy], [Updated], [UpdatedBy], [IsActive], [IsDeleted], [Name], [CategoryId], [ImageUrl]) VALUES (N'259c18da-add5-41af-ba25-2b245566890c', CAST(N'2021-01-23T10:40:32.6333333' AS DateTime2), N'00000000-0000-0000-0000-000000000001', CAST(N'2021-01-23T10:40:32.6333333' AS DateTime2), N'00000000-0000-0000-0000-000000000001', 1, 0, N'Abiye', N'8badadeb-d521-4015-b4cd-6ef0d094c865', NULL)
GO
INSERT [Production].[SubCategories] ([Id], [Created], [CreatedBy], [Updated], [UpdatedBy], [IsActive], [IsDeleted], [Name], [CategoryId], [ImageUrl]) VALUES (N'34f63c16-d66f-46b2-9561-3d965f603742', CAST(N'2021-01-23T10:39:41.1200000' AS DateTime2), N'00000000-0000-0000-0000-000000000001', CAST(N'2021-01-23T10:39:41.1200000' AS DateTime2), N'00000000-0000-0000-0000-000000000001', 1, 0, N'Pantolon', N'8badadeb-d521-4015-b4cd-6ef0d094c865', NULL)
GO
INSERT [Production].[SubCategories] ([Id], [Created], [CreatedBy], [Updated], [UpdatedBy], [IsActive], [IsDeleted], [Name], [CategoryId], [ImageUrl]) VALUES (N'787bed79-72e3-4e55-9dab-3f99d03468bd', CAST(N'2021-01-23T10:37:26.4633333' AS DateTime2), N'00000000-0000-0000-0000-000000000001', CAST(N'2021-01-23T10:37:26.4633333' AS DateTime2), N'00000000-0000-0000-0000-000000000001', 1, 0, N'Radyo', N'0fc837cf-8092-4805-bf58-58935e8ab7c8', NULL)
GO
INSERT [Production].[SubCategories] ([Id], [Created], [CreatedBy], [Updated], [UpdatedBy], [IsActive], [IsDeleted], [Name], [CategoryId], [ImageUrl]) VALUES (N'38c6101f-be30-472f-81fe-54a9ceaf4608', CAST(N'2021-01-23T10:37:21.3900000' AS DateTime2), N'00000000-0000-0000-0000-000000000001', CAST(N'2021-01-23T10:37:21.3900000' AS DateTime2), N'00000000-0000-0000-0000-000000000001', 1, 0, N'Çevre Birimleri', N'0fc837cf-8092-4805-bf58-58935e8ab7c8', NULL)
GO
INSERT [Production].[SubCategories] ([Id], [Created], [CreatedBy], [Updated], [UpdatedBy], [IsActive], [IsDeleted], [Name], [CategoryId], [ImageUrl]) VALUES (N'e35748c1-ab78-4c29-913a-58c8264fdd64', CAST(N'2021-01-23T10:39:49.5233333' AS DateTime2), N'00000000-0000-0000-0000-000000000001', CAST(N'2021-01-23T10:39:49.5233333' AS DateTime2), N'00000000-0000-0000-0000-000000000001', 1, 0, N'Gömlek', N'8badadeb-d521-4015-b4cd-6ef0d094c865', NULL)
GO
INSERT [Production].[SubCategories] ([Id], [Created], [CreatedBy], [Updated], [UpdatedBy], [IsActive], [IsDeleted], [Name], [CategoryId], [ImageUrl]) VALUES (N'8959dae4-535f-4281-a202-5d4c1789764b', CAST(N'2021-01-23T10:36:32.7966667' AS DateTime2), N'00000000-0000-0000-0000-000000000001', CAST(N'2021-01-23T10:36:32.7966667' AS DateTime2), N'00000000-0000-0000-0000-000000000001', 1, 0, N'Bilgisayar', N'0fc837cf-8092-4805-bf58-58935e8ab7c8', NULL)
GO
INSERT [Production].[SubCategories] ([Id], [Created], [CreatedBy], [Updated], [UpdatedBy], [IsActive], [IsDeleted], [Name], [CategoryId], [ImageUrl]) VALUES (N'ca48663f-5263-4daa-9b96-6c408633122d', CAST(N'2021-01-23T10:40:46.1300000' AS DateTime2), N'00000000-0000-0000-0000-000000000001', CAST(N'2021-01-23T10:40:46.1300000' AS DateTime2), N'00000000-0000-0000-0000-000000000001', 1, 0, N'Takim Elbise', N'8badadeb-d521-4015-b4cd-6ef0d094c865', NULL)
GO
INSERT [Production].[SubCategories] ([Id], [Created], [CreatedBy], [Updated], [UpdatedBy], [IsActive], [IsDeleted], [Name], [CategoryId], [ImageUrl]) VALUES (N'af469bf4-e477-49e1-81fe-7e658c1bd4fb', CAST(N'2021-01-23T10:38:18.2500000' AS DateTime2), N'00000000-0000-0000-0000-000000000001', CAST(N'2021-01-23T10:38:18.2500000' AS DateTime2), N'00000000-0000-0000-0000-000000000001', 1, 0, N'Sehpa', N'8d832084-9f2f-4a48-ab38-4d10a54ef5bc', NULL)
GO
INSERT [Production].[SubCategories] ([Id], [Created], [CreatedBy], [Updated], [UpdatedBy], [IsActive], [IsDeleted], [Name], [CategoryId], [ImageUrl]) VALUES (N'b527bd66-f070-4722-a2c3-815b1d25bc9f', CAST(N'2021-01-23T10:36:26.1300000' AS DateTime2), N'00000000-0000-0000-0000-000000000001', CAST(N'2021-01-23T10:36:26.1300000' AS DateTime2), N'00000000-0000-0000-0000-000000000001', 1, 0, N'Televizyon', N'0fc837cf-8092-4805-bf58-58935e8ab7c8', NULL)
GO
INSERT [Production].[SubCategories] ([Id], [Created], [CreatedBy], [Updated], [UpdatedBy], [IsActive], [IsDeleted], [Name], [CategoryId], [ImageUrl]) VALUES (N'7f92cb4f-d2e9-4526-a2c9-81c74a94a7b9', CAST(N'2021-01-23T10:38:33.9033333' AS DateTime2), N'00000000-0000-0000-0000-000000000001', CAST(N'2021-01-23T10:38:33.9033333' AS DateTime2), N'00000000-0000-0000-0000-000000000001', 1, 0, N'Tekli Koltuk', N'8d832084-9f2f-4a48-ab38-4d10a54ef5bc', NULL)
GO
INSERT [Production].[SubCategories] ([Id], [Created], [CreatedBy], [Updated], [UpdatedBy], [IsActive], [IsDeleted], [Name], [CategoryId], [ImageUrl]) VALUES (N'c3fd610a-84f7-493e-938e-920ea9231bd7', CAST(N'2021-01-23T10:40:17.9600000' AS DateTime2), N'00000000-0000-0000-0000-000000000001', CAST(N'2021-01-23T10:40:17.9600000' AS DateTime2), N'00000000-0000-0000-0000-000000000001', 1, 0, N'Ayakkabi', N'8badadeb-d521-4015-b4cd-6ef0d094c865', NULL)
GO
INSERT [Production].[SubCategories] ([Id], [Created], [CreatedBy], [Updated], [UpdatedBy], [IsActive], [IsDeleted], [Name], [CategoryId], [ImageUrl]) VALUES (N'e2ea5c9b-d00f-42b6-bf01-99acd158d03e', CAST(N'2021-01-23T10:38:02.7766667' AS DateTime2), N'00000000-0000-0000-0000-000000000001', CAST(N'2021-01-23T10:38:02.7766667' AS DateTime2), N'00000000-0000-0000-0000-000000000001', 1, 0, N'Masa Takimi', N'8d832084-9f2f-4a48-ab38-4d10a54ef5bc', NULL)
GO
INSERT [Production].[SubCategories] ([Id], [Created], [CreatedBy], [Updated], [UpdatedBy], [IsActive], [IsDeleted], [Name], [CategoryId], [ImageUrl]) VALUES (N'48c8c3c7-f7c1-462a-af92-9f1cf0c2478f', CAST(N'2021-01-23T10:36:38.8366667' AS DateTime2), N'00000000-0000-0000-0000-000000000001', CAST(N'2021-01-23T10:36:38.8366667' AS DateTime2), N'00000000-0000-0000-0000-000000000001', 1, 0, N'Cep Telefonu', N'0fc837cf-8092-4805-bf58-58935e8ab7c8', NULL)
GO
INSERT [Production].[SubCategories] ([Id], [Created], [CreatedBy], [Updated], [UpdatedBy], [IsActive], [IsDeleted], [Name], [CategoryId], [ImageUrl]) VALUES (N'09a25356-1d1a-4352-800d-bcbcc8be47a6', CAST(N'2021-01-23T10:38:10.4500000' AS DateTime2), N'00000000-0000-0000-0000-000000000001', CAST(N'2021-01-23T10:38:10.4500000' AS DateTime2), N'00000000-0000-0000-0000-000000000001', 1, 0, N'Koltuk Takimi', N'8d832084-9f2f-4a48-ab38-4d10a54ef5bc', NULL)
GO
INSERT [Production].[SubCategories] ([Id], [Created], [CreatedBy], [Updated], [UpdatedBy], [IsActive], [IsDeleted], [Name], [CategoryId], [ImageUrl]) VALUES (N'7367d786-505c-43bd-9d7e-d9b72c8be1ea', CAST(N'2021-01-23T10:40:13.5700000' AS DateTime2), N'00000000-0000-0000-0000-000000000001', CAST(N'2021-01-23T10:40:13.5700000' AS DateTime2), N'00000000-0000-0000-0000-000000000001', 1, 0, N'Çanta', N'8badadeb-d521-4015-b4cd-6ef0d094c865', NULL)
GO
INSERT [Production].[SubCategories] ([Id], [Created], [CreatedBy], [Updated], [UpdatedBy], [IsActive], [IsDeleted], [Name], [CategoryId], [ImageUrl]) VALUES (N'e31e0bf8-74ea-462f-8ead-e29ad79e4b49', CAST(N'2021-01-23T10:38:37.7666667' AS DateTime2), N'00000000-0000-0000-0000-000000000001', CAST(N'2021-01-23T10:38:37.7666667' AS DateTime2), N'00000000-0000-0000-0000-000000000001', 1, 0, N'Kanepe', N'8d832084-9f2f-4a48-ab38-4d10a54ef5bc', NULL)
GO
INSERT [Production].[SubCategories] ([Id], [Created], [CreatedBy], [Updated], [UpdatedBy], [IsActive], [IsDeleted], [Name], [CategoryId], [ImageUrl]) VALUES (N'9dfc4d40-bd91-4f00-ab3f-e32aedfe983d', CAST(N'2021-01-23T10:40:01.3266667' AS DateTime2), N'00000000-0000-0000-0000-000000000001', CAST(N'2021-01-23T10:40:01.3266667' AS DateTime2), N'00000000-0000-0000-0000-000000000001', 1, 0, N'Sapka & Bere', N'8badadeb-d521-4015-b4cd-6ef0d094c865', NULL)
GO
INSERT [Production].[SubCategories] ([Id], [Created], [CreatedBy], [Updated], [UpdatedBy], [IsActive], [IsDeleted], [Name], [CategoryId], [ImageUrl]) VALUES (N'08240b72-b55d-4445-8cbb-e4a3521408c3', CAST(N'2021-01-23T10:39:44.9300000' AS DateTime2), N'00000000-0000-0000-0000-000000000001', CAST(N'2021-01-23T10:39:44.9300000' AS DateTime2), N'00000000-0000-0000-0000-000000000001', 1, 0, N'Kaban', N'8badadeb-d521-4015-b4cd-6ef0d094c865', NULL)
GO
INSERT [Production].[SubCategories] ([Id], [Created], [CreatedBy], [Updated], [UpdatedBy], [IsActive], [IsDeleted], [Name], [CategoryId], [ImageUrl]) VALUES (N'445a1c4e-67bd-49ba-9b0f-ead05a0e9d2a', CAST(N'2021-01-23T10:36:53.4166667' AS DateTime2), N'00000000-0000-0000-0000-000000000001', CAST(N'2021-01-23T10:36:53.4166667' AS DateTime2), N'00000000-0000-0000-0000-000000000001', 1, 0, N'Tablet', N'0fc837cf-8092-4805-bf58-58935e8ab7c8', NULL)
GO
INSERT [Production].[SubCategories] ([Id], [Created], [CreatedBy], [Updated], [UpdatedBy], [IsActive], [IsDeleted], [Name], [CategoryId], [ImageUrl]) VALUES (N'e6191bc2-c991-4b79-9a1e-fa2caab054ad', CAST(N'2021-01-23T10:39:53.6700000' AS DateTime2), N'00000000-0000-0000-0000-000000000001', CAST(N'2021-01-23T10:39:53.6700000' AS DateTime2), N'00000000-0000-0000-0000-000000000001', 1, 0, N'Elbise', N'8badadeb-d521-4015-b4cd-6ef0d094c865', NULL)
GO
INSERT [Production].[SubCategories] ([Id], [Created], [CreatedBy], [Updated], [UpdatedBy], [IsActive], [IsDeleted], [Name], [CategoryId], [ImageUrl]) VALUES (N'6ec3c47c-e42d-4f86-a9a5-fb633b7e66d0', CAST(N'2021-01-23T10:38:24.1133333' AS DateTime2), N'00000000-0000-0000-0000-000000000001', CAST(N'2021-01-23T10:38:24.1133333' AS DateTime2), N'00000000-0000-0000-0000-000000000001', 1, 0, N'Çalisma Masasi', N'8d832084-9f2f-4a48-ab38-4d10a54ef5bc', NULL)
GO
INSERT [Production].[Suppliers] ([Id], [Created], [CreatedBy], [Updated], [UpdatedBy], [IsActive], [IsDeleted], [Name], [Mail], [Phone], [Address], [TaxNumber], [Vote], [VoteCount]) VALUES (N'0f0a0f66-45bc-4010-87d3-6d9a1dc23077', CAST(N'2021-01-23T10:44:55.5966667' AS DateTime2), N'00000000-0000-0000-0000-000000000001', CAST(N'2021-01-23T10:44:55.5966667' AS DateTime2), N'00000000-0000-0000-0000-000000000001', 0, 1, N'Apple', N'tr@apple.com', N'02122228888', N'Maslak Istanbul', N'0909090909', 4, 1209)
GO
INSERT [Production].[Suppliers] ([Id], [Created], [CreatedBy], [Updated], [UpdatedBy], [IsActive], [IsDeleted], [Name], [Mail], [Phone], [Address], [TaxNumber], [Vote], [VoteCount]) VALUES (N'34815c57-7aac-4bbd-8b7e-99eb9e94b4d8', CAST(N'2021-01-23T10:45:32.9466667' AS DateTime2), N'00000000-0000-0000-0000-000000000001', CAST(N'2021-01-23T10:45:32.9466667' AS DateTime2), N'00000000-0000-0000-0000-000000000001', 0, 1, N'Lenovo', N'tr@lenovo.com', N'02125555555', N'Besiktas Istanbul', N'0909090999', 4, 908)
GO
INSERT [Production].[Products] ([Id], [Created], [CreatedBy], [Updated], [UpdatedBy], [IsActive], [IsDeleted], [Name], [Price], [Stock], [MainImageUrl], [SupplierId], [SubCategoryId]) VALUES (N'80c1eaa1-a60f-4a3c-8254-245ce4213e28', CAST(N'2021-01-23T14:01:19.8536708' AS DateTime2), N'00000000-0000-0000-0000-000000000001', CAST(N'2021-01-23T14:01:19.8538414' AS DateTime2), N'00000000-0000-0000-0000-000000000001', 1, 0, N'iPhone 11', CAST(11999.00 AS Decimal(18, 2)), 1000, NULL, N'0f0a0f66-45bc-4010-87d3-6d9a1dc23077', N'48c8c3c7-f7c1-462a-af92-9f1cf0c2478f')
GO
INSERT [Production].[Products] ([Id], [Created], [CreatedBy], [Updated], [UpdatedBy], [IsActive], [IsDeleted], [Name], [Price], [Stock], [MainImageUrl], [SupplierId], [SubCategoryId]) VALUES (N'8e1f38c0-6bd2-4337-8322-2984ab4e5688', CAST(N'2021-01-23T14:02:57.3744021' AS DateTime2), N'00000000-0000-0000-0000-000000000001', CAST(N'2021-01-23T14:02:57.3744413' AS DateTime2), N'00000000-0000-0000-0000-000000000001', 1, 0, N'ThinkPad L520', CAST(12500.00 AS Decimal(18, 2)), 68, NULL, N'34815c57-7aac-4bbd-8b7e-99eb9e94b4d8', N'8959dae4-535f-4281-a202-5d4c1789764b')
GO
INSERT [Production].[Products] ([Id], [Created], [CreatedBy], [Updated], [UpdatedBy], [IsActive], [IsDeleted], [Name], [Price], [Stock], [MainImageUrl], [SupplierId], [SubCategoryId]) VALUES (N'be843cc8-5a8f-4152-93e2-6abc0871a1b6', CAST(N'2021-01-23T13:58:14.9591359' AS DateTime2), N'00000000-0000-0000-0000-000000000001', CAST(N'2021-01-23T13:58:14.9593347' AS DateTime2), N'00000000-0000-0000-0000-000000000001', 1, 0, N'iPhone 12', CAST(19999.00 AS Decimal(18, 2)), 800, NULL, N'0f0a0f66-45bc-4010-87d3-6d9a1dc23077', N'48c8c3c7-f7c1-462a-af92-9f1cf0c2478f')
GO
INSERT [Production].[Products] ([Id], [Created], [CreatedBy], [Updated], [UpdatedBy], [IsActive], [IsDeleted], [Name], [Price], [Stock], [MainImageUrl], [SupplierId], [SubCategoryId]) VALUES (N'f21a32d4-ab34-46ad-b551-e29e407ebd98', CAST(N'2021-01-23T14:02:34.3266204' AS DateTime2), N'00000000-0000-0000-0000-000000000001', CAST(N'2021-01-23T14:02:34.3266329' AS DateTime2), N'00000000-0000-0000-0000-000000000001', 1, 0, N'ThinkPad L490', CAST(11000.00 AS Decimal(18, 2)), 49, NULL, N'34815c57-7aac-4bbd-8b7e-99eb9e94b4d8', N'8959dae4-535f-4281-a202-5d4c1789764b')
GO
